1,Nicholas Nunez,brownjessica@example.org,"8108 Tanya Terrace
East Richard, NJ 28517",330
2,Carmen Smith,ybaker@example.com,"81219 Emma Freeway
Wilsonshire, IA 76381",395
3,Jennifer Silva,sarah35@example.org,"1354 Samuel Plains
Cherylhaven, AL 88039",523
4,Matthew Mcmillan,josephpreston@example.net,"PSC 0164, Box 0052
APO AP 34836",538
5,Michael Hoffman,jonesnicole@example.org,"PSC 0533, Box 1586
APO AP 98736",817
6,Sharon Cherry,nicolejohnson@example.net,"5414 May Locks
Sheilaville, FM 34738",327
7,Deborah Rodriguez,yreed@example.com,"514 Estrada Islands Suite 482
South Elizabeth, MS 89278",503
8,Keith Sullivan,torresjason@example.net,"433 Andrew Gardens
Carrland, NH 54822",729
9,Michelle Cruz,psanchez@example.net,"889 Dodson Mills Suite 872
Colebury, MP 84080",525
10,Kari Allen,sjones@example.org,"0366 Melissa Track Suite 705
Karenchester, ND 98479",759
11,Stephanie Freeman,ryan06@example.com,"5375 Juarez Light Suite 641
Smithside, AR 46371",584
12,Tyler Williams,herringjames@example.org,"Unit 1904 Box 9663
DPO AE 78108",306
14,Gabrielle Snyder,hunter35@example.com,"43634 Kennedy Pines
Ronaldside, MA 46613",732
15,David Martinez,leslienewton@example.net,"40824 Terri Plaza Suite 271
New Justinfort, NV 45158",648
16,Todd Woods,moralescharles@example.net,"9649 Chelsea Streets Apt. 334
East Johnside, CA 21018",584
17,Kirk Carter,keithcampbell@example.com,"24994 Martinez Spurs
Hollyview, NY 71277",459
18,Andrew Reynolds,cassandra01@example.org,"Unit 7565 Box 5125
DPO AA 91422",520
19,Jennifer Hodges,gibsonleonard@example.com,"48247 Martinez Roads
Lake Eric, OH 02293",644
20,Willie Durham,pvalentine@example.org,"8404 Monroe Prairie Suite 278
Reedside, WV 71729",404
21,Sheila Pollard,ashleyhall@example.com,"87026 Charles Tunnel Suite 596
Port Markside, MS 42006",394
22,Katherine Weaver,younggabrielle@example.com,"5623 Knight Turnpike Apt. 221
Harveybury, NM 76936",689
23,David Scott,nolansteven@example.com,"440 Hill Port Apt. 974
New Laurie, IN 83943",399
24,Perry Saunders,courtneyberger@example.net,"588 Rivas Glens
Coffeyport, WA 44897",667
25,Bernard Webster,michelleramsey@example.com,"37098 Herman Forges Apt. 746
East Brandonton, ME 65070",652
26,Joshua Price,ellen86@example.net,"506 Lopez Crossing Suite 139
North Kristinbury, DC 74501",570
27,Kristen Willis,markhernandez@example.net,"502 Williams Streets
Foxland, NJ 59257",344
29,Emily Edwards,nicholas27@example.org,"049 Bell Ports Apt. 273
West Meganstad, DE 37013",849
30,Sarah Villegas,lynchdiane@example.net,"83667 Moore Inlet
Kimberlyshire, PA 11636",427
31,Paul Williams,nelsonebony@example.com,"003 Dougherty Trafficway Apt. 445
North Tylerchester, HI 17433",687
32,Kathryn Whitaker,charles06@example.org,"516 John Radial Suite 816
Juliebury, MA 22538",380
33,Kerry Lee,michael23@example.org,"527 Taylor Roads Suite 490
Williamport, NH 59734",600
34,Dustin Newman,gilbertwilliam@example.com,"182 John Mill Suite 889
West Nathan, LA 51280",670
35,Kyle Mccormick,cameron18@example.net,"81685 Michael Falls Apt. 573
East Eric, LA 13757",496
36,Nancy Rose,nancy92@example.net,"7359 Murray Haven
Shawchester, GA 26675",371
37,David Davidson,angela18@example.org,"61530 Galvan Villages Suite 220
Samanthafort, UT 18692",346
38,Luis Bullock,scottmary@example.net,"808 Jennifer Highway Suite 095
New Robert, TN 88085",533
39,Andrea Fox,myerstheodore@example.net,"772 Bryan Trail
Johnsonborough, AZ 26645",596
40,Eric Sanders,wking@example.net,"PSC 6527, Box 7584
APO AE 95801",381
41,Zachary White,manuel15@example.net,"8202 Johnson Cliff Apt. 556
New Ericmouth, MN 49261",538
42,Chad Richardson,debra31@example.org,"2715 Mckinney Plaza
Patriciaburgh, VT 93504",403
43,Rebecca Hicks,gallowaylaura@example.org,"125 Shannon Springs Suite 289
Port Tammy, NE 66412",689
44,Caleb Hernandez,fernandodonovan@example.org,"99590 Christopher Row
Debrashire, MT 81517",584
45,Mr. Dylan Frye MD,eevans@example.net,"562 Robertson Coves Suite 371
Shannonberg, CT 07133",764
46,Luis Wright,lisapeck@example.net,"47974 Melanie Meadows
West Jessica, WV 53356",673
47,Kelly Lee,charles87@example.net,"25787 Catherine Passage
West Sarah, MD 21800",466
48,Sarah Wheeler,terickson@example.com,"Unit 9930 Box 9728
DPO AP 95027",679
49,Brittany Becker,armstrongjackie@example.org,"578 Edwards Extensions
Barrmouth, ND 46938",663
50,Melanie Lara,chelsea33@example.com,"5240 Moses Common Suite 747
East Maria, KY 74165",514
